orderbook_timestamp,book,bid,ask,spread
2024-05-28T23:26:15+00:00,btc_mxn,1147070.0,1148980.0,0.1662343992062525
2024-05-28T23:26:16+00:00,usd_mxn,16.778,16.789,0.06551908988029534
2024-05-28T23:26:17+00:00,btc_mxn,1147070.0,1148980.0,0.1662343992062525
2024-05-28T23:26:18+00:00,usd_mxn,16.778,16.789,0.06551908988029534
2024-05-28T23:26:19+00:00,btc_mxn,1147070.0,1148980.0,0.1662343992062525
2024-05-28T23:26:19+00:00,usd_mxn,16.778,16.789,0.06551908988029534
2024-05-28T23:26:21+00:00,btc_mxn,1147070.0,1148980.0,0.1662343992062525
2024-05-28T23:26:21+00:00,usd_mxn,16.778,16.789,0.06551908988029534
2024-05-28T23:26:23+00:00,btc_mxn,1147070.0,1148980.0,0.1662343992062525
2024-05-28T23:26:23+00:00,usd_mxn,16.778,16.789,0.06551908988029534
2024-05-28T23:26:24+00:00,btc_mxn,1147070.0,1148980.0,0.1662343992062525
2024-05-28T23:26:25+00:00,usd_mxn,16.778,16.789,0.06551908988029534
2024-05-28T23:26:26+00:00,btc_mxn,1147070.0,1148980.0,0.1662343992062525
2024-05-28T23:26:27+00:00,usd_mxn,16.778,16.789,0.06551908988029534
2024-05-28T23:26:28+00:00,btc_mxn,1147070.0,1148980.0,0.1662343992062525
2024-05-28T23:26:28+00:00,usd_mxn,16.778,16.789,0.06551908988029534
2024-05-28T23:26:30+00:00,btc_mxn,1147070.0,1148980.0,0.1662343992062525
2024-05-28T23:26:30+00:00,usd_mxn,16.778,16.789,0.06551908988029534
2024-05-28T23:26:32+00:00,btc_mxn,1147070.0,1148980.0,0.1662343992062525
2024-05-28T23:26:32+00:00,usd_mxn,16.778,16.789,0.06551908988029534
2024-05-28T23:26:34+00:00,btc_mxn,1147070.0,1148980.0,0.1662343992062525
2024-05-28T23:26:34+00:00,usd_mxn,16.778,16.789,0.06551908988029534
2024-05-28T23:26:36+00:00,btc_mxn,1147070.0,1148980.0,0.1662343992062525
2024-05-28T23:26:36+00:00,usd_mxn,16.778,16.789,0.06551908988029534
2024-05-28T23:26:37+00:00,btc_mxn,1147070.0,1148980.0,0.1662343992062525
2024-05-28T23:26:38+00:00,usd_mxn,16.778,16.789,0.06551908988029534
2024-05-28T23:26:40+00:00,btc_mxn,1147070.0,1148980.0,0.1662343992062525
2024-05-28T23:26:40+00:00,usd_mxn,16.778,16.789,0.06551908988029534
2024-05-28T23:26:41+00:00,btc_mxn,1147070.0,1148980.0,0.1662343992062525
2024-05-28T23:26:42+00:00,usd_mxn,16.778,16.789,0.06551908988029534
2024-05-28T23:26:43+00:00,btc_mxn,1147070.0,1148980.0,0.1662343992062525
2024-05-28T23:26:44+00:00,usd_mxn,16.778,16.789,0.06551908988029534
2024-05-28T23:26:45+00:00,btc_mxn,1147070.0,1148980.0,0.1662343992062525
2024-05-28T23:26:46+00:00,usd_mxn,16.778,16.789,0.06551908988029534
2024-05-28T23:26:47+00:00,btc_mxn,1147070.0,1148980.0,0.1662343992062525
2024-05-28T23:26:47+00:00,usd_mxn,16.778,16.789,0.06551908988029534
2024-05-28T23:26:49+00:00,btc_mxn,1147070.0,1148970.0,0.16536550127505506
2024-05-28T23:26:50+00:00,usd_mxn,16.778,16.789,0.06551908988029534
2024-05-28T23:26:51+00:00,btc_mxn,1147070.0,1149450.0,0.20705554830571143
2024-05-28T23:26:51+00:00,usd_mxn,16.778,16.789,0.06551908988029534
2024-05-28T23:26:53+00:00,btc_mxn,1147070.0,1149370.0,0.20010962527297563
2024-05-28T23:26:53+00:00,usd_mxn,16.778,16.789,0.06551908988029534
2024-05-28T23:26:55+00:00,btc_mxn,1147070.0,1149280.0,0.19229430600027844
2024-05-28T23:26:55+00:00,usd_mxn,16.778,16.789,0.06551908988029534
2024-05-28T23:26:56+00:00,btc_mxn,1147070.0,1149170.0,0.1827405866843026
2024-05-28T23:26:57+00:00,usd_mxn,16.778,16.789,0.06551908988029534
2024-05-28T23:26:58+00:00,btc_mxn,1147070.0,1149080.0,0.17492254673303861
2024-05-28T23:26:58+00:00,usd_mxn,16.778,16.789,0.06551908988029534
2024-05-28T23:27:00+00:00,btc_mxn,1147070.0,1149010.0,0.16884100225411441
2024-05-28T23:27:00+00:00,usd_mxn,16.778,16.789,0.06551908988029534
2024-05-28T23:27:02+00:00,btc_mxn,1147070.0,1149000.0,0.1679721496953873
2024-05-28T23:27:02+00:00,usd_mxn,16.778,16.789,0.06551908988029534
2024-05-28T23:27:03+00:00,btc_mxn,1147070.0,1149000.0,0.1679721496953873
2024-05-28T23:27:04+00:00,usd_mxn,16.778,16.789,0.06551908988029534
2024-05-28T23:27:05+00:00,btc_mxn,1147070.0,1149000.0,0.1679721496953873
2024-05-28T23:27:05+00:00,usd_mxn,16.778,16.789,0.06551908988029534
2024-05-28T23:27:07+00:00,btc_mxn,1147070.0,1149000.0,0.1679721496953873
2024-05-28T23:27:07+00:00,usd_mxn,16.778,16.789,0.06551908988029534
2024-05-28T23:27:08+00:00,btc_mxn,1147070.0,1149000.0,0.1679721496953873
2024-05-28T23:27:09+00:00,usd_mxn,16.778,16.789,0.06551908988029534
2024-05-28T23:27:10+00:00,btc_mxn,1147070.0,1149000.0,0.1679721496953873
2024-05-28T23:27:11+00:00,usd_mxn,16.778,16.789,0.06551908988029534
2024-05-28T23:27:12+00:00,btc_mxn,1147070.0,1149000.0,0.1679721496953873
2024-05-28T23:27:12+00:00,usd_mxn,16.778,16.789,0.06551908988029534
2024-05-28T23:27:14+00:00,btc_mxn,1147070.0,1149000.0,0.1679721496953873
2024-05-28T23:27:14+00:00,usd_mxn,16.778,16.789,0.06551908988029534
2024-05-28T23:27:15+00:00,btc_mxn,1147070.0,1149000.0,0.1679721496953873
2024-05-28T23:27:16+00:00,usd_mxn,16.778,16.789,0.06551908988029534
2024-05-28T23:27:17+00:00,btc_mxn,1147070.0,1149000.0,0.1679721496953873
2024-05-28T23:27:18+00:00,usd_mxn,16.778,16.789,0.06551908988029534
2024-05-28T23:27:19+00:00,btc_mxn,1147070.0,1149000.0,0.1679721496953873
2024-05-28T23:27:19+00:00,usd_mxn,16.778,16.789,0.06551908988029534
2024-05-28T23:27:21+00:00,btc_mxn,1147070.0,1149000.0,0.1679721496953873
2024-05-28T23:27:21+00:00,usd_mxn,16.778,16.789,0.06551908988029534
2024-05-28T23:27:22+00:00,btc_mxn,1147070.0,1149000.0,0.1679721496953873
2024-05-28T23:27:23+00:00,usd_mxn,16.778,16.789,0.06551908988029534
2024-05-28T23:27:24+00:00,btc_mxn,1147070.0,1149000.0,0.1679721496953873
2024-05-28T23:27:25+00:00,usd_mxn,16.778,16.789,0.06551908988029534
2024-05-28T23:27:26+00:00,btc_mxn,1147070.0,1149000.0,0.1679721496953873
2024-05-28T23:27:26+00:00,usd_mxn,16.778,16.789,0.06551908988029534
2024-05-28T23:27:28+00:00,btc_mxn,1147070.0,1149000.0,0.1679721496953873
2024-05-28T23:27:28+00:00,usd_mxn,16.778,16.789,0.06551908988029534
2024-05-28T23:27:30+00:00,btc_mxn,1147070.0,1149000.0,0.1679721496953873
2024-05-28T23:27:30+00:00,usd_mxn,16.778,16.789,0.06551908988029534
2024-05-28T23:27:31+00:00,btc_mxn,1147070.0,1149000.0,0.1679721496953873
2024-05-28T23:27:32+00:00,usd_mxn,16.778,16.789,0.06551908988029534
2024-05-28T23:27:33+00:00,btc_mxn,1147070.0,1149000.0,0.1679721496953873
2024-05-28T23:27:34+00:00,usd_mxn,16.778,16.789,0.06551908988029534
2024-05-28T23:27:35+00:00,btc_mxn,1147070.0,1149000.0,0.1679721496953873
2024-05-28T23:27:35+00:00,usd_mxn,16.778,16.789,0.06551908988029534
2024-05-28T23:27:37+00:00,btc_mxn,1147070.0,1149000.0,0.1679721496953873
2024-05-28T23:27:37+00:00,usd_mxn,16.778,16.789,0.06551908988029534
2024-05-28T23:27:38+00:00,btc_mxn,1147070.0,1149000.0,0.1679721496953873
2024-05-28T23:27:39+00:00,usd_mxn,16.778,16.789,0.06551908988029534
2024-05-28T23:27:40+00:00,btc_mxn,1147070.0,1149000.0,0.1679721496953873
2024-05-28T23:27:41+00:00,usd_mxn,16.778,16.789,0.06551908988029534
2024-05-28T23:27:42+00:00,btc_mxn,1147070.0,1149000.0,0.1679721496953873
2024-05-28T23:27:42+00:00,usd_mxn,16.778,16.789,0.06551908988029534
2024-05-28T23:27:44+00:00,btc_mxn,1147070.0,1149000.0,0.1679721496953873
2024-05-28T23:27:44+00:00,usd_mxn,16.778,16.789,0.06551908988029534
2024-05-28T23:27:46+00:00,btc_mxn,1147070.0,1149000.0,0.1679721496953873
2024-05-28T23:27:46+00:00,usd_mxn,16.778,16.789,0.06551908988029534
2024-05-28T23:27:47+00:00,btc_mxn,1147070.0,1149000.0,0.1679721496953873
2024-05-28T23:27:48+00:00,usd_mxn,16.778,16.789,0.06551908988029534
2024-05-28T23:27:49+00:00,btc_mxn,1147070.0,1149000.0,0.1679721496953873
2024-05-28T23:27:49+00:00,usd_mxn,16.778,16.789,0.06551908988029534
2024-05-28T23:27:51+00:00,btc_mxn,1147070.0,1149000.0,0.1679721496953873
2024-05-28T23:27:51+00:00,usd_mxn,16.778,16.789,0.06551908988029534
2024-05-28T23:27:53+00:00,btc_mxn,1147070.0,1149000.0,0.1679721496953873
2024-05-28T23:27:53+00:00,usd_mxn,16.778,16.789,0.06551908988029534
2024-05-28T23:27:54+00:00,btc_mxn,1147070.0,1149000.0,0.1679721496953873
2024-05-28T23:27:55+00:00,usd_mxn,16.778,16.789,0.06551908988029534
2024-05-28T23:27:56+00:00,btc_mxn,1147070.0,1149140.0,0.18013470943488175
2024-05-28T23:27:56+00:00,usd_mxn,16.778,16.789,0.06551908988029534
2024-05-28T23:27:58+00:00,btc_mxn,1147070.0,1149120.0,0.17839738234475078
2024-05-28T23:27:58+00:00,usd_mxn,16.778,16.789,0.06551908988029534
2024-05-28T23:28:00+00:00,btc_mxn,1147070.0,1149120.0,0.17839738234475078
2024-05-28T23:28:00+00:00,usd_mxn,16.778,16.789,0.06551908988029534
2024-05-28T23:28:02+00:00,btc_mxn,1147070.0,1149120.0,0.17839738234475078
2024-05-28T23:28:02+00:00,usd_mxn,16.778,16.789,0.06551908988029534
2024-05-28T23:28:03+00:00,btc_mxn,1147070.0,1149120.0,0.17839738234475078
2024-05-28T23:28:04+00:00,usd_mxn,16.778,16.789,0.06551908988029534
2024-05-28T23:28:05+00:00,btc_mxn,1147070.0,1149130.0,0.17926605344913107
2024-05-28T23:28:06+00:00,usd_mxn,16.778,16.789,0.06551908988029534
2024-05-28T23:28:07+00:00,btc_mxn,1147070.0,1149130.0,0.17926605344913107
2024-05-28T23:28:07+00:00,usd_mxn,16.778,16.789,0.06551908988029534
2024-05-28T23:28:09+00:00,btc_mxn,1147070.0,1149130.0,0.17926605344913107
2024-05-28T23:28:09+00:00,usd_mxn,16.778,16.789,0.06551908988029534
2024-05-28T23:28:11+00:00,btc_mxn,1147070.0,1149130.0,0.17926605344913107
2024-05-28T23:28:11+00:00,usd_mxn,16.778,16.789,0.06551908988029534
2024-05-28T23:28:12+00:00,btc_mxn,1147070.0,1149380.0,0.20097791852999008
2024-05-28T23:28:13+00:00,usd_mxn,16.778,16.789,0.06551908988029534
2024-05-28T23:28:14+00:00,btc_mxn,1147070.0,1149380.0,0.20097791852999008
2024-05-28T23:28:15+00:00,usd_mxn,16.778,16.789,0.06551908988029534
2024-05-28T23:28:16+00:00,btc_mxn,1147070.0,1149380.0,0.20097791852999008
2024-05-28T23:28:16+00:00,usd_mxn,16.778,16.789,0.06551908988029534
2024-05-28T23:28:18+00:00,btc_mxn,1147070.0,1149300.0,0.1940311493952841
2024-05-28T23:28:18+00:00,usd_mxn,16.778,16.789,0.06551908988029534
2024-05-28T23:28:19+00:00,btc_mxn,1147070.0,1149370.0,0.20010962527297563
2024-05-28T23:28:20+00:00,usd_mxn,16.778,16.789,0.06551908988029534
2024-05-28T23:28:21+00:00,btc_mxn,1147070.0,1149290.0,0.1931627352539394
2024-05-28T23:28:22+00:00,usd_mxn,16.778,16.789,0.06551908988029534
2024-05-28T23:28:23+00:00,btc_mxn,1147070.0,1149300.0,0.1940311493952841
2024-05-28T23:28:23+00:00,usd_mxn,16.778,16.789,0.06551908988029534
2024-05-28T23:28:25+00:00,btc_mxn,1147070.0,1149390.0,0.20184619667823803
2024-05-28T23:28:25+00:00,usd_mxn,16.778,16.789,0.06551908988029534
2024-05-28T23:28:27+00:00,btc_mxn,1147070.0,1149400.0,0.2027144597181138
2024-05-28T23:28:27+00:00,usd_mxn,16.778,16.789,0.06551908988029534
2024-05-28T23:28:29+00:00,btc_mxn,1147070.0,1149410.0,0.20358270765001174
2024-05-28T23:28:29+00:00,usd_mxn,16.778,16.789,0.06551908988029534
2024-05-28T23:28:31+00:00,btc_mxn,1147070.0,1149300.0,0.1940311493952841
2024-05-28T23:28:31+00:00,usd_mxn,16.778,16.789,0.06551908988029534
2024-05-28T23:28:32+00:00,btc_mxn,1147150.0,1149350.0,0.19141253752120763
2024-05-28T23:28:33+00:00,usd_mxn,16.778,16.789,0.06551908988029534
2024-05-28T23:28:34+00:00,btc_mxn,1147170.0,1149260.0,0.1818561509145015
2024-05-28T23:28:35+00:00,usd_mxn,16.778,16.789,0.06551908988029534
2024-05-28T23:28:36+00:00,btc_mxn,1147190.0,1149350.0,0.1879323095662766
2024-05-28T23:28:36+00:00,usd_mxn,16.778,16.789,0.06551908988029534
2024-05-28T23:28:38+00:00,btc_mxn,1147210.0,1149270.0,0.17924421589356723
2024-05-28T23:28:38+00:00,usd_mxn,16.778,16.789,0.06551908988029534
2024-05-28T23:28:39+00:00,btc_mxn,1147210.0,1149260.0,0.17837565041853018
2024-05-28T23:28:39+00:00,usd_mxn,16.778,16.789,0.06551908988029534
2024-05-28T23:28:41+00:00,btc_mxn,1147210.0,1149260.0,0.17837565041853018
2024-05-28T23:28:42+00:00,usd_mxn,16.778,16.789,0.06551908988029534
2024-05-28T23:28:43+00:00,btc_mxn,1147210.0,1149260.0,0.17837565041853018
2024-05-28T23:28:43+00:00,usd_mxn,16.778,16.79,0.07147111375819211
2024-05-28T23:28:45+00:00,btc_mxn,1147210.0,1149260.0,0.17837565041853018
2024-05-28T23:28:45+00:00,usd_mxn,16.778,16.789,0.06551908988029534
2024-05-28T23:28:47+00:00,btc_mxn,1147210.0,1149260.0,0.17837565041853018
2024-05-28T23:28:47+00:00,usd_mxn,16.778,16.789,0.06551908988029534
2024-05-28T23:28:48+00:00,btc_mxn,1147210.0,1149250.0,0.1775070698281488
2024-05-28T23:28:49+00:00,usd_mxn,16.778,16.789,0.06551908988029534
2024-05-28T23:28:50+00:00,btc_mxn,1147210.0,1149390.0,0.18966582274075813
2024-05-28T23:28:51+00:00,usd_mxn,16.778,16.789,0.06551908988029534
2024-05-28T23:28:52+00:00,btc_mxn,1147210.0,1149310.0,0.18271832664816282
2024-05-28T23:28:52+00:00,usd_mxn,16.778,16.789,0.06551908988029534
2024-05-28T23:28:54+00:00,btc_mxn,1147210.0,1149250.0,0.1775070698281488
2024-05-28T23:28:54+00:00,usd_mxn,16.778,16.789,0.06551908988029534
2024-05-28T23:28:55+00:00,btc_mxn,1147210.0,1149250.0,0.1775070698281488
2024-05-28T23:28:56+00:00,usd_mxn,16.778,16.789,0.06551908988029534
2024-05-28T23:28:57+00:00,btc_mxn,1147210.0,1149250.0,0.1775070698281488
2024-05-28T23:28:57+00:00,usd_mxn,16.778,16.789,0.06551908988029534
2024-05-28T23:28:59+00:00,btc_mxn,1147210.0,1149250.0,0.1775070698281488
2024-05-28T23:29:00+00:00,usd_mxn,16.778,16.789,0.06551908988029534
2024-05-28T23:29:01+00:00,btc_mxn,1147210.0,1149220.0,0.17490123736099267
2024-05-28T23:29:01+00:00,usd_mxn,16.778,16.789,0.06551908988029534
2024-05-28T23:29:03+00:00,btc_mxn,1147210.0,1149220.0,0.17490123736099267
2024-05-28T23:29:03+00:00,usd_mxn,16.778,16.789,0.06551908988029534
2024-05-28T23:29:05+00:00,btc_mxn,1147210.0,1149250.0,0.1775070698281488
2024-05-28T23:29:05+00:00,usd_mxn,16.778,16.789,0.06551908988029534
2024-05-28T23:29:07+00:00,btc_mxn,1147210.0,1149240.0,0.17663847412202846
2024-05-28T23:29:07+00:00,usd_mxn,16.778,16.789,0.06551908988029534
2024-05-28T23:29:09+00:00,btc_mxn,1147210.0,1149220.0,0.17490123736099267
2024-05-28T23:29:09+00:00,usd_mxn,16.778,16.789,0.06551908988029534
2024-05-28T23:29:11+00:00,btc_mxn,1147210.0,1149220.0,0.17490123736099267
2024-05-28T23:29:11+00:00,usd_mxn,16.778,16.789,0.06551908988029534
2024-05-28T23:29:13+00:00,btc_mxn,1147210.0,1149220.0,0.17490123736099267
2024-05-28T23:29:13+00:00,usd_mxn,16.778,16.789,0.06551908988029534
2024-05-28T23:29:14+00:00,btc_mxn,1147210.0,1149220.0,0.17490123736099267
2024-05-28T23:29:15+00:00,usd_mxn,16.778,16.789,0.06551908988029534
2024-05-28T23:29:16+00:00,btc_mxn,1147210.0,1149220.0,0.17490123736099267
2024-05-28T23:29:16+00:00,usd_mxn,16.778,16.789,0.06551908988029534
2024-05-28T23:29:18+00:00,btc_mxn,1147210.0,1149220.0,0.17490123736099267
2024-05-28T23:29:18+00:00,usd_mxn,16.778,16.789,0.06551908988029534
2024-05-28T23:29:20+00:00,btc_mxn,1147210.0,1149180.0,0.17142658243269113
2024-05-28T23:29:20+00:00,usd_mxn,16.778,16.789,0.06551908988029534
2024-05-28T23:29:21+00:00,btc_mxn,1147210.0,1149140.0,0.16795168560836798
2024-05-28T23:29:22+00:00,usd_mxn,16.778,16.789,0.06551908988029534
2024-05-28T23:29:23+00:00,btc_mxn,1147210.0,1149140.0,0.16795168560836798
2024-05-28T23:29:23+00:00,usd_mxn,16.778,16.789,0.06551908988029534
2024-05-28T23:29:25+00:00,btc_mxn,1147210.0,1149140.0,0.16795168560836798
2024-05-28T23:29:25+00:00,usd_mxn,16.778,16.789,0.06551908988029534
2024-05-28T23:29:26+00:00,btc_mxn,1147210.0,1149140.0,0.16795168560836798
2024-05-28T23:29:27+00:00,usd_mxn,16.778,16.789,0.06551908988029534
2024-05-28T23:29:28+00:00,btc_mxn,1147210.0,1149140.0,0.16795168560836798
2024-05-28T23:29:28+00:00,usd_mxn,16.778,16.789,0.06551908988029534
2024-05-28T23:29:30+00:00,btc_mxn,1147210.0,1149140.0,0.16795168560836798
2024-05-28T23:29:30+00:00,usd_mxn,16.778,16.789,0.06551908988029534
2024-05-28T23:29:31+00:00,btc_mxn,1147220.0,1149140.0,0.16708146962075987
2024-05-28T23:29:32+00:00,usd_mxn,16.779,16.79,0.06551518761166905
2024-05-28T23:29:33+00:00,btc_mxn,1147470.0,1149140.0,0.14532606993055677
2024-05-28T23:29:33+00:00,usd_mxn,16.779,16.79,0.06551518761166905
2024-05-28T23:29:35+00:00,btc_mxn,1147480.0,1149140.0,0.14445585394294863
2024-05-28T23:29:35+00:00,usd_mxn,16.778,16.79,0.07147111375819211
2024-05-28T23:29:36+00:00,btc_mxn,1147480.0,1149140.0,0.14445585394294863
2024-05-28T23:29:37+00:00,usd_mxn,16.779,16.789,0.0595628089820809
2024-05-28T23:29:38+00:00,btc_mxn,1147480.0,1149140.0,0.14445585394294863
2024-05-28T23:29:39+00:00,usd_mxn,16.779,16.789,0.0595628089820809
2024-05-28T23:29:40+00:00,btc_mxn,1147480.0,1149250.0,0.15401348705677617
2024-05-28T23:29:41+00:00,usd_mxn,16.779,16.789,0.0595628089820809
2024-05-28T23:29:42+00:00,btc_mxn,1147480.0,1149250.0,0.15401348705677617
2024-05-28T23:29:43+00:00,usd_mxn,16.779,16.789,0.0595628089820809
2024-05-28T23:29:44+00:00,btc_mxn,1147480.0,1149250.0,0.15401348705677617
2024-05-28T23:29:44+00:00,usd_mxn,16.779,16.789,0.0595628089820809
2024-05-28T23:29:46+00:00,btc_mxn,1147480.0,1149250.0,0.15401348705677617
2024-05-28T23:29:46+00:00,usd_mxn,16.779,16.789,0.0595628089820809
2024-05-28T23:29:48+00:00,btc_mxn,1147480.0,1149250.0,0.15401348705677617
2024-05-28T23:29:48+00:00,usd_mxn,16.779,16.789,0.0595628089820809
2024-05-28T23:29:49+00:00,btc_mxn,1147480.0,1149250.0,0.15401348705677617
2024-05-28T23:29:50+00:00,usd_mxn,16.779,16.789,0.0595628089820809
2024-05-28T23:29:51+00:00,btc_mxn,1147480.0,1149250.0,0.15401348705677617
2024-05-28T23:29:51+00:00,usd_mxn,16.779,16.789,0.0595628089820809
2024-05-28T23:29:53+00:00,btc_mxn,1147480.0,1149250.0,0.15401348705677617
2024-05-28T23:29:53+00:00,usd_mxn,16.779,16.789,0.0595628089820809
2024-05-28T23:29:54+00:00,btc_mxn,1147480.0,1149250.0,0.15401348705677617
2024-05-28T23:29:55+00:00,usd_mxn,16.779,16.789,0.0595628089820809
2024-05-28T23:29:56+00:00,btc_mxn,1147480.0,1149250.0,0.15401348705677617
2024-05-28T23:29:56+00:00,usd_mxn,16.779,16.789,0.0595628089820809
2024-05-28T23:29:58+00:00,btc_mxn,1147480.0,1149250.0,0.15401348705677617
2024-05-28T23:29:58+00:00,usd_mxn,16.779,16.789,0.0595628089820809
2024-05-28T23:29:59+00:00,btc_mxn,1147480.0,1149250.0,0.15401348705677617
2024-05-28T23:30:00+00:00,usd_mxn,16.779,16.789,0.0595628089820809
2024-05-28T23:30:01+00:00,btc_mxn,1147480.0,1149250.0,0.15401348705677617
2024-05-28T23:30:02+00:00,usd_mxn,16.779,16.789,0.0595628089820809
2024-05-28T23:30:03+00:00,btc_mxn,1147480.0,1149250.0,0.15401348705677617
2024-05-28T23:30:03+00:00,usd_mxn,16.779,16.789,0.0595628089820809
2024-05-28T23:30:05+00:00,btc_mxn,1147480.0,1149250.0,0.15401348705677617
2024-05-28T23:30:05+00:00,usd_mxn,16.779,16.79,0.06551518761166905
2024-05-28T23:30:06+00:00,btc_mxn,1147480.0,1149250.0,0.15401348705677617
2024-05-28T23:30:07+00:00,usd_mxn,16.779,16.79,0.06551518761166905
2024-05-28T23:30:08+00:00,btc_mxn,1147480.0,1149250.0,0.15401348705677617
2024-05-28T23:30:08+00:00,usd_mxn,16.779,16.79,0.06551518761166905
2024-05-28T23:30:10+00:00,btc_mxn,1147480.0,1149250.0,0.15401348705677617
2024-05-28T23:30:10+00:00,usd_mxn,16.779,16.79,0.06551518761166905
2024-05-28T23:30:12+00:00,btc_mxn,1147480.0,1149250.0,0.15401348705677617
2024-05-28T23:30:12+00:00,usd_mxn,16.779,16.79,0.06551518761166905
2024-05-28T23:30:13+00:00,btc_mxn,1147480.0,1149250.0,0.15401348705677617
2024-05-28T23:30:14+00:00,usd_mxn,16.779,16.79,0.06551518761166905
2024-05-28T23:30:15+00:00,btc_mxn,1147480.0,1149250.0,0.15401348705677617
2024-05-28T23:30:16+00:00,usd_mxn,16.779,16.79,0.06551518761166905
2024-05-28T23:30:17+00:00,btc_mxn,1147490.0,1149250.0,0.15314335436154014
2024-05-28T23:30:17+00:00,usd_mxn,16.779,16.79,0.06551518761166905
2024-05-28T23:30:19+00:00,btc_mxn,1147500.0,1149250.0,0.1522732216663041
2024-05-28T23:30:19+00:00,usd_mxn,16.779,16.79,0.06551518761166905
2024-05-28T23:30:21+00:00,btc_mxn,1147500.0,1149250.0,0.1522732216663041
2024-05-28T23:30:21+00:00,usd_mxn,16.779,16.79,0.06551518761166905
2024-05-28T23:30:22+00:00,btc_mxn,1147500.0,1149250.0,0.1522732216663041
2024-05-28T23:30:23+00:00,usd_mxn,16.779,16.799,0.11905470563723777
2024-05-28T23:30:24+00:00,btc_mxn,1147500.0,1149250.0,0.1522732216663041
2024-05-28T23:30:25+00:00,usd_mxn,16.778,16.792,0.0833730347784832
2024-05-28T23:30:26+00:00,btc_mxn,1147500.0,1149250.0,0.1522732216663041
2024-05-28T23:30:26+00:00,usd_mxn,16.778,16.792,0.0833730347784832
2024-05-28T23:30:28+00:00,btc_mxn,1147500.0,1149250.0,0.1522732216663041
2024-05-28T23:30:28+00:00,usd_mxn,16.778,16.792,0.0833730347784832
2024-05-28T23:30:29+00:00,btc_mxn,1147500.0,1149250.0,0.1522732216663041
2024-05-28T23:30:30+00:00,usd_mxn,16.779,16.792,0.07741781800858549
2024-05-28T23:30:31+00:00,btc_mxn,1147500.0,1149250.0,0.1522732216663041
2024-05-28T23:30:32+00:00,usd_mxn,16.779,16.792,0.07741781800858549
2024-05-28T23:30:33+00:00,btc_mxn,1147500.0,1149250.0,0.1522732216663041
2024-05-28T23:30:33+00:00,usd_mxn,16.779,16.792,0.07741781800858549
2024-05-28T23:30:35+00:00,btc_mxn,1147500.0,1149250.0,0.1522732216663041
2024-05-28T23:30:35+00:00,usd_mxn,16.779,16.792,0.07741781800858549
2024-05-28T23:30:36+00:00,btc_mxn,1147500.0,1149250.0,0.1522732216663041
2024-05-28T23:30:37+00:00,usd_mxn,16.779,16.792,0.07741781800858549
2024-05-28T23:30:39+00:00,btc_mxn,1147300.0,1149250.0,0.1696758755710246
2024-05-28T23:30:39+00:00,usd_mxn,16.779,16.792,0.07741781800858549
2024-05-28T23:30:40+00:00,btc_mxn,1147300.0,1149250.0,0.1696758755710246
2024-05-28T23:30:41+00:00,usd_mxn,16.779,16.792,0.07741781800858549
2024-05-28T23:30:42+00:00,btc_mxn,1147300.0,1149250.0,0.1696758755710246
2024-05-28T23:30:43+00:00,usd_mxn,16.779,16.792,0.07741781800858549
2024-05-28T23:30:44+00:00,btc_mxn,1147300.0,1149250.0,0.1696758755710246
2024-05-28T23:30:44+00:00,usd_mxn,16.779,16.792,0.07741781800858549
2024-05-28T23:30:46+00:00,btc_mxn,1147300.0,1149250.0,0.1696758755710246
2024-05-28T23:30:46+00:00,usd_mxn,16.779,16.799,0.11905470563723777
2024-05-28T23:30:48+00:00,btc_mxn,1147300.0,1149250.0,0.1696758755710246
2024-05-28T23:30:48+00:00,usd_mxn,16.779,16.792,0.07741781800858549
2024-05-28T23:30:50+00:00,btc_mxn,1147300.0,1149250.0,0.1696758755710246
2024-05-28T23:30:50+00:00,usd_mxn,16.779,16.792,0.07741781800858549
2024-05-28T23:30:51+00:00,btc_mxn,1147320.0,1149250.0,0.16793561018055253
2024-05-28T23:30:52+00:00,usd_mxn,16.779,16.792,0.07741781800858549
2024-05-28T23:30:53+00:00,btc_mxn,1147340.0,1149250.0,0.1661953447900805
2024-05-28T23:30:53+00:00,usd_mxn,16.779,16.792,0.07741781800858549
2024-05-28T23:30:55+00:00,btc_mxn,1147370.0,1149250.0,0.16358494670437243
2024-05-28T23:30:55+00:00,usd_mxn,16.779,16.792,0.07741781800858549
2024-05-28T23:30:57+00:00,btc_mxn,1147400.0,1149250.0,0.16097454861866434
2024-05-28T23:30:57+00:00,usd_mxn,16.779,16.792,0.07741781800858549
2024-05-28T23:30:58+00:00,btc_mxn,1147400.0,1149250.0,0.16097454861866434
2024-05-28T23:30:59+00:00,usd_mxn,16.779,16.792,0.07741781800858549
2024-05-28T23:31:00+00:00,btc_mxn,1147400.0,1149250.0,0.16097454861866434
2024-05-28T23:31:01+00:00,usd_mxn,16.779,16.792,0.07741781800858549
2024-05-28T23:31:02+00:00,btc_mxn,1147400.0,1149250.0,0.16097454861866434
2024-05-28T23:31:02+00:00,usd_mxn,16.779,16.792,0.07741781800858549
2024-05-28T23:31:04+00:00,btc_mxn,1147400.0,1149250.0,0.16097454861866434
2024-05-28T23:31:04+00:00,usd_mxn,16.779,16.792,0.07741781800858549
2024-05-28T23:31:05+00:00,btc_mxn,1147400.0,1149250.0,0.16097454861866434
2024-05-28T23:31:06+00:00,usd_mxn,16.779,16.797,0.10716199321307782
2024-05-28T23:31:07+00:00,btc_mxn,1147400.0,1149250.0,0.16097454861866434
2024-05-28T23:31:08+00:00,usd_mxn,16.779,16.798,0.11310870341706367
2024-05-28T23:31:09+00:00,btc_mxn,1147400.0,1149250.0,0.16097454861866434
2024-05-28T23:31:10+00:00,usd_mxn,16.779,16.792,0.07741781800858549
2024-05-28T23:31:11+00:00,btc_mxn,1147400.0,1149250.0,0.16097454861866434
2024-05-28T23:31:11+00:00,usd_mxn,16.779,16.792,0.07741781800858549
2024-05-28T23:31:13+00:00,btc_mxn,1147400.0,1149250.0,0.16097454861866434
2024-05-28T23:31:13+00:00,usd_mxn,16.779,16.793,0.08336807002917493
2024-05-28T23:31:15+00:00,btc_mxn,1147400.0,1149250.0,0.16097454861866434
2024-05-28T23:31:15+00:00,usd_mxn,16.779,16.792,0.07741781800858549
2024-05-28T23:31:17+00:00,btc_mxn,1147400.0,1149250.0,0.16097454861866434
2024-05-28T23:31:17+00:00,usd_mxn,16.779,16.792,0.07741781800858549
2024-05-28T23:31:19+00:00,btc_mxn,1147400.0,1149250.0,0.16097454861866434
2024-05-28T23:31:19+00:00,usd_mxn,16.779,16.792,0.07741781800858549
2024-05-28T23:31:21+00:00,btc_mxn,1147400.0,1149250.0,0.16097454861866434
2024-05-28T23:31:21+00:00,usd_mxn,16.779,16.792,0.07741781800858549
2024-05-28T23:31:23+00:00,btc_mxn,1147400.0,1149250.0,0.16097454861866434
2024-05-28T23:31:23+00:00,usd_mxn,16.779,16.792,0.07741781800858549
2024-05-28T23:31:25+00:00,btc_mxn,1147400.0,1149250.0,0.16097454861866434
2024-05-28T23:31:25+00:00,usd_mxn,16.779,16.792,0.07741781800858549
2024-05-28T23:31:26+00:00,btc_mxn,1147400.0,1149250.0,0.16097454861866434
2024-05-28T23:31:27+00:00,usd_mxn,16.779,16.797,0.10716199321307782
2024-05-28T23:31:28+00:00,btc_mxn,1147400.0,1149250.0,0.16097454861866434
2024-05-28T23:31:28+00:00,usd_mxn,16.779,16.792,0.07741781800858549
2024-05-28T23:31:30+00:00,btc_mxn,1147400.0,1149250.0,0.16097454861866434
2024-05-28T23:31:30+00:00,usd_mxn,16.779,16.792,0.07741781800858549
2024-05-28T23:31:32+00:00,btc_mxn,1147400.0,1149250.0,0.16097454861866434
2024-05-28T23:31:32+00:00,usd_mxn,16.779,16.792,0.07741781800858549
2024-05-28T23:31:34+00:00,btc_mxn,1147400.0,1149250.0,0.16097454861866434
2024-05-28T23:31:34+00:00,usd_mxn,16.779,16.792,0.07741781800858549
2024-05-28T23:31:35+00:00,btc_mxn,1147400.0,1149250.0,0.16097454861866434
2024-05-28T23:31:36+00:00,usd_mxn,16.779,16.792,0.07741781800858549
2024-05-28T23:31:37+00:00,btc_mxn,1147400.0,1149250.0,0.16097454861866434
2024-05-28T23:31:37+00:00,usd_mxn,16.779,16.792,0.07741781800858549
2024-05-28T23:31:39+00:00,btc_mxn,1147400.0,1149250.0,0.16097454861866434
2024-05-28T23:31:39+00:00,usd_mxn,16.779,16.792,0.07741781800858549
2024-05-28T23:31:41+00:00,btc_mxn,1147400.0,1149250.0,0.16097454861866434
2024-05-28T23:31:41+00:00,usd_mxn,16.779,16.792,0.07741781800858549
2024-05-28T23:31:42+00:00,btc_mxn,1147400.0,1149250.0,0.16097454861866434
2024-05-28T23:31:43+00:00,usd_mxn,16.779,16.792,0.07741781800858549
2024-05-28T23:31:44+00:00,btc_mxn,1147400.0,1149250.0,0.16097454861866434
2024-05-28T23:31:45+00:00,usd_mxn,16.779,16.792,0.07741781800858549
2024-05-28T23:31:46+00:00,btc_mxn,1147400.0,1149250.0,0.16097454861866434
2024-05-28T23:31:47+00:00,usd_mxn,16.779,16.792,0.07741781800858549
2024-05-28T23:31:48+00:00,btc_mxn,1147400.0,1149250.0,0.16097454861866434
2024-05-28T23:31:48+00:00,usd_mxn,16.779,16.797,0.10716199321307782
2024-05-28T23:31:50+00:00,btc_mxn,1147400.0,1149250.0,0.16097454861866434
2024-05-28T23:31:50+00:00,usd_mxn,16.779,16.798,0.11310870341706367
2024-05-28T23:31:51+00:00,btc_mxn,1147400.0,1149250.0,0.16097454861866434
2024-05-28T23:31:52+00:00,usd_mxn,16.779,16.792,0.07741781800858549
2024-05-28T23:31:53+00:00,btc_mxn,1147400.0,1149250.0,0.16097454861866434
2024-05-28T23:31:54+00:00,usd_mxn,16.779,16.792,0.07741781800858549
2024-05-28T23:31:55+00:00,btc_mxn,1147400.0,1149250.0,0.16097454861866434
2024-05-28T23:31:56+00:00,usd_mxn,16.779,16.792,0.07741781800858549
2024-05-28T23:31:57+00:00,btc_mxn,1147400.0,1149250.0,0.16097454861866434
2024-05-28T23:31:57+00:00,usd_mxn,16.779,16.792,0.07741781800858549
2024-05-28T23:31:59+00:00,btc_mxn,1147400.0,1149250.0,0.16097454861866434
2024-05-28T23:31:59+00:00,usd_mxn,16.779,16.792,0.07741781800858549
2024-05-28T23:32:01+00:00,btc_mxn,1147400.0,1149250.0,0.16097454861866434
2024-05-28T23:32:01+00:00,usd_mxn,16.779,16.793,0.08336807002917493
2024-05-28T23:32:02+00:00,btc_mxn,1147400.0,1149250.0,0.16097454861866434
2024-05-28T23:32:03+00:00,usd_mxn,16.779,16.792,0.07741781800858549
2024-05-28T23:32:04+00:00,btc_mxn,1147400.0,1149250.0,0.16097454861866434
2024-05-28T23:32:04+00:00,usd_mxn,16.779,16.792,0.07741781800858549
2024-05-28T23:32:06+00:00,btc_mxn,1147400.0,1149250.0,0.16097454861866434
2024-05-28T23:32:06+00:00,usd_mxn,16.779,16.792,0.07741781800858549
2024-05-28T23:32:08+00:00,btc_mxn,1147400.0,1149250.0,0.16097454861866434
2024-05-28T23:32:08+00:00,usd_mxn,16.779,16.792,0.07741781800858549
2024-05-28T23:32:09+00:00,btc_mxn,1147400.0,1149250.0,0.16097454861866434
2024-05-28T23:32:10+00:00,usd_mxn,16.779,16.792,0.07741781800858549
2024-05-28T23:32:11+00:00,btc_mxn,1147400.0,1149250.0,0.16097454861866434
2024-05-28T23:32:12+00:00,usd_mxn,16.779,16.792,0.07741781800858549
2024-05-28T23:32:13+00:00,btc_mxn,1147400.0,1149250.0,0.16097454861866434
2024-05-28T23:32:14+00:00,usd_mxn,16.779,16.792,0.07741781800858549
2024-05-28T23:32:15+00:00,btc_mxn,1147400.0,1149250.0,0.16097454861866434
2024-05-28T23:32:15+00:00,usd_mxn,16.779,16.798,0.11310870341706367
2024-05-28T23:32:17+00:00,btc_mxn,1147400.0,1149250.0,0.16097454861866434
2024-05-28T23:32:17+00:00,usd_mxn,16.781,16.796,0.08930697785187287
2024-05-28T23:32:18+00:00,btc_mxn,1147400.0,1149250.0,0.16097454861866434
2024-05-28T23:32:19+00:00,usd_mxn,16.781,16.796,0.08930697785187287
2024-05-28T23:32:20+00:00,btc_mxn,1147400.0,1149250.0,0.16097454861866434
2024-05-28T23:32:20+00:00,usd_mxn,16.781,16.796,0.08930697785187287
2024-05-28T23:32:22+00:00,btc_mxn,1147400.0,1149250.0,0.16097454861866434
2024-05-28T23:32:22+00:00,usd_mxn,16.781,16.796,0.08930697785187287
2024-05-28T23:32:23+00:00,btc_mxn,1147400.0,1149250.0,0.16097454861866434
2024-05-28T23:32:24+00:00,usd_mxn,16.779,16.799,0.11905470563723777
2024-05-28T23:32:25+00:00,btc_mxn,1147400.0,1149250.0,0.16097454861866434
2024-05-28T23:32:26+00:00,usd_mxn,16.779,16.799,0.11905470563723777
2024-05-28T23:32:27+00:00,btc_mxn,1147400.0,1149250.0,0.16097454861866434
2024-05-28T23:32:27+00:00,usd_mxn,16.779,16.799,0.11905470563723777
2024-05-28T23:32:29+00:00,btc_mxn,1147400.0,1149250.0,0.16097454861866434
2024-05-28T23:32:29+00:00,usd_mxn,16.781,16.8,0.11309523809524942
2024-05-28T23:32:30+00:00,btc_mxn,1147400.0,1149250.0,0.16097454861866434
2024-05-28T23:32:31+00:00,usd_mxn,16.779,16.8,0.12500000000000472
2024-05-28T23:32:32+00:00,btc_mxn,1147400.0,1149250.0,0.16097454861866434
2024-05-28T23:32:33+00:00,usd_mxn,16.779,16.8,0.12500000000000472
2024-05-28T23:32:34+00:00,btc_mxn,1147400.0,1149250.0,0.16097454861866434
2024-05-28T23:32:35+00:00,usd_mxn,16.78,16.799,0.11310197035536848
2024-05-28T23:32:36+00:00,btc_mxn,1147400.0,1149250.0,0.16097454861866434
2024-05-28T23:32:37+00:00,usd_mxn,16.784,16.798,0.08334325514941866
2024-05-28T23:32:38+00:00,btc_mxn,1147400.0,1149250.0,0.16097454861866434
2024-05-28T23:32:39+00:00,usd_mxn,16.784,16.798,0.08334325514941866
2024-05-28T23:32:40+00:00,btc_mxn,1147400.0,1149250.0,0.16097454861866434
2024-05-28T23:32:40+00:00,usd_mxn,16.784,16.796,0.0714455822814983
2024-05-28T23:32:42+00:00,btc_mxn,1147400.0,1149250.0,0.16097454861866434
2024-05-28T23:32:42+00:00,usd_mxn,16.784,16.796,0.0714455822814983
2024-05-28T23:32:44+00:00,btc_mxn,1147400.0,1149250.0,0.16097454861866434
2024-05-28T23:32:44+00:00,usd_mxn,16.784,16.796,0.0714455822814983
2024-05-28T23:32:45+00:00,btc_mxn,1147400.0,1149250.0,0.16097454861866434
2024-05-28T23:32:46+00:00,usd_mxn,16.784,16.796,0.0714455822814983
2024-05-28T23:32:47+00:00,btc_mxn,1147400.0,1149250.0,0.16097454861866434
2024-05-28T23:32:48+00:00,usd_mxn,16.786,16.796,0.05953798523456782
2024-05-28T23:32:49+00:00,btc_mxn,1147400.0,1149250.0,0.16097454861866434
2024-05-28T23:32:49+00:00,usd_mxn,16.786,16.796,0.05953798523456782
2024-05-28T23:32:51+00:00,btc_mxn,1147400.0,1149250.0,0.16097454861866434
2024-05-28T23:32:51+00:00,usd_mxn,16.786,16.796,0.05953798523456782
2024-05-28T23:32:53+00:00,btc_mxn,1147400.0,1149250.0,0.16097454861866434
2024-05-28T23:32:53+00:00,usd_mxn,16.786,16.796,0.05953798523456782
2024-05-28T23:32:55+00:00,btc_mxn,1147400.0,1149250.0,0.16097454861866434
2024-05-28T23:32:55+00:00,usd_mxn,16.786,16.796,0.05953798523456782
2024-05-28T23:32:57+00:00,btc_mxn,1147400.0,1149250.0,0.16097454861866434
2024-05-28T23:32:57+00:00,usd_mxn,16.786,16.796,0.05953798523456782
2024-05-28T23:32:58+00:00,btc_mxn,1147400.0,1149250.0,0.16097454861866434
2024-05-28T23:32:59+00:00,usd_mxn,16.786,16.796,0.05953798523456782
2024-05-28T23:33:00+00:00,btc_mxn,1147400.0,1149250.0,0.16097454861866434
2024-05-28T23:33:00+00:00,usd_mxn,16.786,16.796,0.05953798523456782
2024-05-28T23:33:02+00:00,btc_mxn,1147400.0,1149250.0,0.16097454861866434
2024-05-28T23:33:02+00:00,usd_mxn,16.786,16.796,0.05953798523456782
2024-05-28T23:33:04+00:00,btc_mxn,1147400.0,1149250.0,0.16097454861866434
2024-05-28T23:33:04+00:00,usd_mxn,16.786,16.796,0.05953798523456782
2024-05-28T23:33:05+00:00,btc_mxn,1147400.0,1149250.0,0.16097454861866434
2024-05-28T23:33:06+00:00,usd_mxn,16.786,16.796,0.05953798523456782
2024-05-28T23:33:07+00:00,btc_mxn,1147400.0,1149250.0,0.16097454861866434
2024-05-28T23:33:08+00:00,usd_mxn,16.786,16.796,0.05953798523456782
2024-05-28T23:33:09+00:00,btc_mxn,1147400.0,1149250.0,0.16097454861866434
2024-05-28T23:33:10+00:00,usd_mxn,16.786,16.796,0.05953798523456782
2024-05-28T23:33:12+00:00,btc_mxn,1147400.0,1149250.0,0.16097454861866434
2024-05-28T23:33:12+00:00,usd_mxn,16.786,16.796,0.05953798523456782
2024-05-28T23:33:14+00:00,btc_mxn,1147400.0,1149250.0,0.16097454861866434
2024-05-28T23:33:14+00:00,usd_mxn,16.786,16.794,0.04763606049779159
2024-05-28T23:33:16+00:00,btc_mxn,1147400.0,1149250.0,0.16097454861866434
2024-05-28T23:33:16+00:00,usd_mxn,16.786,16.794,0.04763606049779159
2024-05-28T23:33:18+00:00,btc_mxn,1147400.0,1149250.0,0.16097454861866434
2024-05-28T23:33:18+00:00,usd_mxn,16.786,16.794,0.04763606049779159
2024-05-28T23:33:20+00:00,btc_mxn,1147400.0,1149250.0,0.16097454861866434
2024-05-28T23:33:20+00:00,usd_mxn,16.786,16.794,0.04763606049779159
2024-05-28T23:33:22+00:00,btc_mxn,1147400.0,1149250.0,0.16097454861866434
2024-05-28T23:33:22+00:00,usd_mxn,16.786,16.794,0.04763606049779159
2024-05-28T23:33:23+00:00,btc_mxn,1147400.0,1149250.0,0.16097454861866434
2024-05-28T23:33:24+00:00,usd_mxn,16.786,16.794,0.04763606049779159
2024-05-28T23:33:25+00:00,btc_mxn,1147400.0,1149250.0,0.16097454861866434
2024-05-28T23:33:26+00:00,usd_mxn,16.786,16.794,0.04763606049779159
2024-05-28T23:33:27+00:00,btc_mxn,1147400.0,1149250.0,0.16097454861866434
2024-05-28T23:33:27+00:00,usd_mxn,16.786,16.794,0.04763606049779159
2024-05-28T23:33:29+00:00,btc_mxn,1147400.0,1149250.0,0.16097454861866434
2024-05-28T23:33:30+00:00,usd_mxn,16.786,16.794,0.04763606049779159
2024-05-28T23:33:31+00:00,btc_mxn,1147400.0,1149250.0,0.16097454861866434
2024-05-28T23:33:31+00:00,usd_mxn,16.786,16.794,0.04763606049779159
2024-05-28T23:33:33+00:00,btc_mxn,1147400.0,1149250.0,0.16097454861866434
2024-05-28T23:33:33+00:00,usd_mxn,16.786,16.794,0.04763606049779159
2024-05-28T23:33:34+00:00,btc_mxn,1147400.0,1149250.0,0.16097454861866434
2024-05-28T23:33:35+00:00,usd_mxn,16.786,16.794,0.04763606049779159
2024-05-28T23:33:36+00:00,btc_mxn,1147400.0,1149250.0,0.16097454861866434
2024-05-28T23:33:37+00:00,usd_mxn,16.786,16.794,0.04763606049779159
2024-05-28T23:33:38+00:00,btc_mxn,1147400.0,1149250.0,0.16097454861866434
2024-05-28T23:33:39+00:00,usd_mxn,16.786,16.794,0.04763606049779159
2024-05-28T23:33:40+00:00,btc_mxn,1147400.0,1149250.0,0.16097454861866434
2024-05-28T23:33:41+00:00,usd_mxn,16.786,16.794,0.04763606049779159
2024-05-28T23:33:42+00:00,btc_mxn,1147400.0,1149250.0,0.16097454861866434
2024-05-28T23:33:42+00:00,usd_mxn,16.786,16.794,0.04763606049779159
2024-05-28T23:33:44+00:00,btc_mxn,1147400.0,1149250.0,0.16097454861866434
2024-05-28T23:33:44+00:00,usd_mxn,16.786,16.794,0.04763606049779159
2024-05-28T23:33:45+00:00,btc_mxn,1147400.0,1149250.0,0.16097454861866434
2024-05-28T23:33:46+00:00,usd_mxn,16.786,16.794,0.04763606049779159
2024-05-28T23:33:47+00:00,btc_mxn,1147400.0,1149240.0,0.16010580905641988
2024-05-28T23:33:48+00:00,usd_mxn,16.776,16.794,0.10718113612004693
2024-05-28T23:33:49+00:00,btc_mxn,1147400.0,1149240.0,0.16010580905641988
2024-05-28T23:33:49+00:00,usd_mxn,16.784,16.794,0.05954507562225535
2024-05-28T23:33:51+00:00,btc_mxn,1147400.0,1149240.0,0.16010580905641988
2024-05-28T23:33:51+00:00,usd_mxn,16.784,16.794,0.05954507562225535
2024-05-28T23:33:52+00:00,btc_mxn,1147400.0,1149250.0,0.16097454861866434
2024-05-28T23:33:52+00:00,usd_mxn,16.784,16.794,0.05954507562225535
2024-05-28T23:33:54+00:00,btc_mxn,1147400.0,1149250.0,0.16097454861866434
2024-05-28T23:33:54+00:00,usd_mxn,16.78,16.794,0.08336310587114056
2024-05-28T23:33:55+00:00,btc_mxn,1147400.0,1149250.0,0.16097454861866434
2024-05-28T23:33:56+00:00,usd_mxn,16.787,16.794,0.04168155293558086
2024-05-28T23:33:57+00:00,btc_mxn,1147400.0,1149250.0,0.16097454861866434
2024-05-28T23:33:57+00:00,usd_mxn,16.787,16.794,0.04168155293558086
2024-05-28T23:33:59+00:00,btc_mxn,1147400.0,1149250.0,0.16097454861866434
2024-05-28T23:33:59+00:00,usd_mxn,16.787,16.794,0.04168155293558086
2024-05-28T23:34:00+00:00,btc_mxn,1147400.0,1149250.0,0.16097454861866434
2024-05-28T23:34:01+00:00,usd_mxn,16.787,16.794,0.04168155293558086
2024-05-28T23:34:02+00:00,btc_mxn,1147400.0,1149250.0,0.16097454861866434
2024-05-28T23:34:02+00:00,usd_mxn,16.787,16.794,0.04168155293558086
2024-05-28T23:34:04+00:00,btc_mxn,1147400.0,1149250.0,0.16097454861866434
2024-05-28T23:34:04+00:00,usd_mxn,16.787,16.794,0.04168155293558086
2024-05-28T23:34:05+00:00,btc_mxn,1147400.0,1149250.0,0.16097454861866434
2024-05-28T23:34:06+00:00,usd_mxn,16.787,16.794,0.04168155293558086
2024-05-28T23:34:07+00:00,btc_mxn,1147400.0,1149250.0,0.16097454861866434
2024-05-28T23:34:08+00:00,usd_mxn,16.787,16.794,0.04168155293558086
2024-05-28T23:34:09+00:00,btc_mxn,1147400.0,1149250.0,0.16097454861866434
2024-05-28T23:34:09+00:00,usd_mxn,16.787,16.794,0.04168155293558086
2024-05-28T23:34:11+00:00,btc_mxn,1147400.0,1149250.0,0.16097454861866434
2024-05-28T23:34:11+00:00,usd_mxn,16.787,16.794,0.04168155293558086
2024-05-28T23:34:13+00:00,btc_mxn,1147400.0,1149250.0,0.16097454861866434
2024-05-28T23:34:13+00:00,usd_mxn,16.787,16.794,0.04168155293558086
2024-05-28T23:34:14+00:00,btc_mxn,1147400.0,1149250.0,0.16097454861866434
2024-05-28T23:34:15+00:00,usd_mxn,16.787,16.794,0.04168155293558086
2024-05-28T23:34:16+00:00,btc_mxn,1147400.0,1149250.0,0.16097454861866434
2024-05-28T23:34:16+00:00,usd_mxn,16.787,16.794,0.04168155293558086
2024-05-28T23:34:18+00:00,btc_mxn,1147400.0,1149250.0,0.16097454861866434
2024-05-28T23:34:18+00:00,usd_mxn,16.787,16.794,0.04168155293558086
2024-05-28T23:34:20+00:00,btc_mxn,1147400.0,1149250.0,0.16097454861866434
2024-05-28T23:34:20+00:00,usd_mxn,16.787,16.794,0.04168155293558086
2024-05-28T23:34:21+00:00,btc_mxn,1147400.0,1149250.0,0.16097454861866434
2024-05-28T23:34:22+00:00,usd_mxn,16.787,16.794,0.04168155293558086
2024-05-28T23:34:23+00:00,btc_mxn,1147400.0,1149250.0,0.16097454861866434
2024-05-28T23:34:24+00:00,usd_mxn,16.787,16.794,0.04168155293558086
2024-05-28T23:34:25+00:00,btc_mxn,1147400.0,1149250.0,0.16097454861866434
2024-05-28T23:34:26+00:00,usd_mxn,16.787,16.794,0.04168155293558086
2024-05-28T23:34:27+00:00,btc_mxn,1147400.0,1149250.0,0.16097454861866434
2024-05-28T23:34:27+00:00,usd_mxn,16.787,16.794,0.04168155293558086
2024-05-28T23:34:29+00:00,btc_mxn,1147400.0,1149250.0,0.16097454861866434
2024-05-28T23:34:29+00:00,usd_mxn,16.787,16.794,0.04168155293558086
2024-05-28T23:34:30+00:00,btc_mxn,1147400.0,1149250.0,0.16097454861866434
2024-05-28T23:34:31+00:00,usd_mxn,16.787,16.794,0.04168155293558086
2024-05-28T23:34:32+00:00,btc_mxn,1147400.0,1149250.0,0.16097454861866434
2024-05-28T23:34:33+00:00,usd_mxn,16.787,16.794,0.04168155293558086
2024-05-28T23:34:34+00:00,btc_mxn,1147400.0,1149250.0,0.16097454861866434
2024-05-28T23:34:34+00:00,usd_mxn,16.787,16.794,0.04168155293558086
2024-05-28T23:34:36+00:00,btc_mxn,1147400.0,1149250.0,0.16097454861866434
2024-05-28T23:34:36+00:00,usd_mxn,16.787,16.794,0.04168155293558086
2024-05-28T23:34:37+00:00,btc_mxn,1147400.0,1149250.0,0.16097454861866434
2024-05-28T23:34:38+00:00,usd_mxn,16.787,16.794,0.04168155293558086
2024-05-28T23:34:39+00:00,btc_mxn,1147400.0,1149250.0,0.16097454861866434
2024-05-28T23:34:40+00:00,usd_mxn,16.787,16.794,0.04168155293558086
2024-05-28T23:34:41+00:00,btc_mxn,1147400.0,1149250.0,0.16097454861866434
2024-05-28T23:34:41+00:00,usd_mxn,16.787,16.794,0.04168155293558086
2024-05-28T23:34:43+00:00,btc_mxn,1147400.0,1149250.0,0.16097454861866434
2024-05-28T23:34:43+00:00,usd_mxn,16.787,16.794,0.04168155293558086
2024-05-28T23:34:44+00:00,btc_mxn,1147400.0,1149250.0,0.16097454861866434
2024-05-28T23:34:45+00:00,usd_mxn,16.787,16.794,0.04168155293558086
2024-05-28T23:34:46+00:00,btc_mxn,1147400.0,1149250.0,0.16097454861866434
2024-05-28T23:34:46+00:00,usd_mxn,16.787,16.794,0.04168155293558086
2024-05-28T23:34:47+00:00,btc_mxn,1147400.0,1149250.0,0.16097454861866434
2024-05-28T23:34:48+00:00,usd_mxn,16.787,16.794,0.04168155293558086
2024-05-28T23:34:49+00:00,btc_mxn,1147400.0,1149250.0,0.16097454861866434
2024-05-28T23:34:49+00:00,usd_mxn,16.787,16.794,0.04168155293558086
2024-05-28T23:34:51+00:00,btc_mxn,1147400.0,1149250.0,0.16097454861866434
2024-05-28T23:34:51+00:00,usd_mxn,16.787,16.794,0.04168155293558086
2024-05-28T23:34:52+00:00,btc_mxn,1147400.0,1149250.0,0.16097454861866434
2024-05-28T23:34:53+00:00,usd_mxn,16.787,16.794,0.04168155293558086
2024-05-28T23:34:54+00:00,btc_mxn,1147400.0,1149240.0,0.16010580905641988
2024-05-28T23:34:54+00:00,usd_mxn,16.787,16.794,0.04168155293558086
2024-05-28T23:34:56+00:00,btc_mxn,1147400.0,1149220.0,0.1583682845756252
2024-05-28T23:34:56+00:00,usd_mxn,16.787,16.794,0.04168155293558086
2024-05-28T23:34:57+00:00,btc_mxn,1147400.0,1149210.0,0.15749949965628562
2024-05-28T23:34:58+00:00,usd_mxn,16.787,16.794,0.04168155293558086
2024-05-28T23:34:59+00:00,btc_mxn,1147400.0,1149200.0,0.15663069961712495
2024-05-28T23:34:59+00:00,usd_mxn,16.787,16.794,0.04168155293558086
2024-05-28T23:35:01+00:00,btc_mxn,1147040.0,1149250.0,0.19229932564716118
2024-05-28T23:35:01+00:00,usd_mxn,16.787,16.794,0.04168155293558086
2024-05-28T23:35:02+00:00,btc_mxn,1147040.0,1149250.0,0.19229932564716118
2024-05-28T23:35:03+00:00,usd_mxn,16.787,16.794,0.04168155293558086
2024-05-28T23:35:04+00:00,btc_mxn,1147040.0,1149250.0,0.19229932564716118
2024-05-28T23:35:04+00:00,usd_mxn,16.787,16.794,0.04168155293558086
2024-05-28T23:35:05+00:00,btc_mxn,1147040.0,1149250.0,0.19229932564716118
2024-05-28T23:35:06+00:00,usd_mxn,16.787,16.794,0.04168155293558086
2024-05-28T23:35:07+00:00,btc_mxn,1147050.0,1149190.0,0.1862181188489284
2024-05-28T23:35:07+00:00,usd_mxn,16.787,16.794,0.04168155293558086
2024-05-28T23:35:09+00:00,btc_mxn,1147050.0,1149120.0,0.18013784461152882
2024-05-28T23:35:09+00:00,usd_mxn,16.787,16.794,0.04168155293558086
2024-05-28T23:35:11+00:00,btc_mxn,1147050.0,1149230.0,0.18969222870965777
2024-05-28T23:35:11+00:00,usd_mxn,16.787,16.794,0.04168155293558086
2024-05-28T23:35:12+00:00,btc_mxn,1147050.0,1149130.0,0.18100650056999643
2024-05-28T23:35:13+00:00,usd_mxn,16.787,16.794,0.04168155293558086
2024-05-28T23:35:14+00:00,btc_mxn,1147050.0,1149180.0,0.18534955359473712
2024-05-28T23:35:14+00:00,usd_mxn,16.787,16.794,0.04168155293558086
2024-05-28T23:35:16+00:00,btc_mxn,1147050.0,1149200.0,0.18708666898712148
2024-05-28T23:35:16+00:00,usd_mxn,16.787,16.794,0.04168155293558086
2024-05-28T23:35:18+00:00,btc_mxn,1147050.0,1149200.0,0.18708666898712148
2024-05-28T23:35:18+00:00,usd_mxn,16.787,16.794,0.04168155293558086
2024-05-28T23:35:20+00:00,btc_mxn,1147050.0,1149200.0,0.18708666898712148
2024-05-28T23:35:20+00:00,usd_mxn,16.787,16.794,0.04168155293558086
2024-05-28T23:35:21+00:00,btc_mxn,1147040.0,1149220.0,0.18969387932684778
2024-05-28T23:35:22+00:00,usd_mxn,16.787,16.794,0.04168155293558086
2024-05-28T23:35:23+00:00,btc_mxn,1147040.0,1149220.0,0.18969387932684778
2024-05-28T23:35:24+00:00,usd_mxn,16.787,16.794,0.04168155293558086
2024-05-28T23:35:25+00:00,btc_mxn,1147040.0,1149220.0,0.18969387932684778
2024-05-28T23:35:26+00:00,usd_mxn,16.787,16.794,0.04168155293558086
2024-05-28T23:35:27+00:00,btc_mxn,1147040.0,1149220.0,0.18969387932684778
2024-05-28T23:35:27+00:00,usd_mxn,16.787,16.794,0.04168155293558086
2024-05-28T23:35:29+00:00,btc_mxn,1147040.0,1149220.0,0.18969387932684778
2024-05-28T23:35:29+00:00,usd_mxn,16.787,16.794,0.04168155293558086
2024-05-28T23:35:30+00:00,btc_mxn,1147040.0,1149220.0,0.18969387932684778
2024-05-28T23:35:30+00:00,usd_mxn,16.787,16.794,0.04168155293558086
2024-05-28T23:35:32+00:00,btc_mxn,1147050.0,1149200.0,0.18708666898712148
2024-05-28T23:35:32+00:00,usd_mxn,16.787,16.794,0.04168155293558086
2024-05-28T23:35:33+00:00,btc_mxn,1147050.0,1149120.0,0.18013784461152882
2024-05-28T23:35:34+00:00,usd_mxn,16.787,16.794,0.04168155293558086
2024-05-28T23:35:35+00:00,btc_mxn,1147050.0,1149250.0,0.19142919295192518
2024-05-28T23:35:36+00:00,usd_mxn,16.787,16.794,0.04168155293558086
2024-05-28T23:35:37+00:00,btc_mxn,1147050.0,1149140.0,0.18187514141009797
2024-05-28T23:35:38+00:00,usd_mxn,16.787,16.794,0.04168155293558086
2024-05-28T23:35:39+00:00,btc_mxn,1147050.0,1149250.0,0.19142919295192518
2024-05-28T23:35:39+00:00,usd_mxn,16.787,16.794,0.04168155293558086
2024-05-28T23:35:41+00:00,btc_mxn,1147050.0,1149250.0,0.19142919295192518
2024-05-28T23:35:41+00:00,usd_mxn,16.787,16.79,0.017867778439548027
2024-05-28T23:35:42+00:00,btc_mxn,1147050.0,1149230.0,0.18969222870965777
2024-05-28T23:35:43+00:00,usd_mxn,16.787,16.79,0.017867778439548027
2024-05-28T23:35:44+00:00,btc_mxn,1147050.0,1149210.0,0.18795520400971102
2024-05-28T23:35:44+00:00,usd_mxn,16.787,16.79,0.017867778439548027
2024-05-28T23:35:46+00:00,btc_mxn,1147050.0,1149110.0,0.17926917353430047
2024-05-28T23:35:46+00:00,usd_mxn,16.778,16.78,0.011918951132314923
2024-05-28T23:35:48+00:00,btc_mxn,1147050.0,1149030.0,0.1723192605937182
2024-05-28T23:35:48+00:00,usd_mxn,16.779,16.78,0.005959475566157462
2024-05-28T23:35:50+00:00,btc_mxn,1147050.0,1148980.0,0.16797507354349075
2024-05-28T23:35:50+00:00,usd_mxn,16.779,16.78,0.005959475566157462
2024-05-28T23:35:51+00:00,btc_mxn,1147050.0,1148980.0,0.16797507354349075
2024-05-28T23:35:52+00:00,usd_mxn,16.779,16.78,0.005959475566157462
2024-05-28T23:35:53+00:00,btc_mxn,1147050.0,1148980.0,0.16797507354349075
2024-05-28T23:35:53+00:00,usd_mxn,16.779,16.78,0.005959475566157462
2024-05-28T23:35:55+00:00,btc_mxn,1147050.0,1148980.0,0.16797507354349075
2024-05-28T23:35:55+00:00,usd_mxn,16.779,16.78,0.005959475566157462
2024-05-28T23:35:56+00:00,btc_mxn,1147050.0,1148980.0,0.16797507354349075
2024-05-28T23:35:57+00:00,usd_mxn,16.779,16.78,0.005959475566157462
2024-05-28T23:35:58+00:00,btc_mxn,1147050.0,1149210.0,0.18795520400971102
2024-05-28T23:35:59+00:00,usd_mxn,16.779,16.78,0.005959475566157462
2024-05-28T23:36:00+00:00,btc_mxn,1147050.0,1149130.0,0.18100650056999643
2024-05-28T23:36:00+00:00,usd_mxn,16.779,16.78,0.005959475566157462
2024-05-28T23:36:02+00:00,btc_mxn,1147050.0,1149100.0,0.17840048733791664
2024-05-28T23:36:02+00:00,usd_mxn,16.779,16.78,0.005959475566157462
2024-05-28T23:36:04+00:00,btc_mxn,1147050.0,1148990.0,0.16884394120053264
2024-05-28T23:36:04+00:00,usd_mxn,16.779,16.78,0.005959475566157462
2024-05-28T23:36:06+00:00,btc_mxn,1147050.0,1149150.0,0.18274376713222817
2024-05-28T23:36:06+00:00,usd_mxn,16.779,16.78,0.005959475566157462
2024-05-28T23:36:08+00:00,btc_mxn,1147050.0,1149080.0,0.17666306958610367
2024-05-28T23:36:08+00:00,usd_mxn,16.779,16.78,0.005959475566157462
2024-05-28T23:36:09+00:00,btc_mxn,1147050.0,1149000.0,0.16971279373368145
2024-05-28T23:36:10+00:00,usd_mxn,16.779,16.78,0.005959475566157462
2024-05-28T23:36:11+00:00,btc_mxn,1147050.0,1149000.0,0.16971279373368145
2024-05-28T23:36:12+00:00,usd_mxn,16.779,16.78,0.005959475566157462
2024-05-28T23:36:13+00:00,btc_mxn,1147050.0,1149000.0,0.16971279373368145
2024-05-28T23:36:14+00:00,usd_mxn,16.779,16.78,0.005959475566157462
2024-05-28T23:36:15+00:00,btc_mxn,1147050.0,1149000.0,0.16971279373368145
2024-05-28T23:36:15+00:00,usd_mxn,16.779,16.78,0.005959475566157462
